geography,year,question_code,question_text,response_category,response_variable,gender,value
Indonesia,2021,B.24,"On a typical day, how many hours per day do you spend on domestic tasks or family care activities? (for example, taking care of children, cooking and cleaning)",1-2,sog_w2_hrs_dmstc_12,Male,16
Indonesia,2021,B.24,"On a typical day, how many hours per day do you spend on domestic tasks or family care activities? (for example, taking care of children, cooking and cleaning)",1-2,sog_w2_hrs_dmstc_12,Female,12
Indonesia,2021,B.24,"On a typical day, how many hours per day do you spend on domestic tasks or family care activities? (for example, taking care of children, cooking and cleaning)",1-2,sog_w2_hrs_dmstc_12,Combined,14
India,2021,B.24,"On a typical day, how many hours per day do you spend on domestic tasks or family care activities? (for example, taking care of children, cooking and cleaning)",1-2,sog_w2_hrs_dmstc_12,Male,22
India,2021,B.24,"On a typical day, how many hours per day do you spend on domestic tasks or family care activities? (for example, taking care of children, cooking and cleaning)",1-2,sog_w2_hrs_dmstc_12,Female,12
India,2021,B.24,"On a typical day, how many hours per day do you spend on domestic tasks or family care activities? (for example, taking care of children, cooking and cleaning)",1-2,sog_w2_hrs_dmstc_12,Combined,19
Malaysia,2021,B.24,"On a typical day, how many hours per day do you spend on domestic tasks or family care activities? (for example, taking care of children, cooking and cleaning)",1-2,sog_w2_hrs_dmstc_12,Male,16
Malaysia,2021,B.24,"On a typical day, how many hours per day do you spend on domestic tasks or family care activities? (for example, taking care of children, cooking and cleaning)",1-2,sog_w2_hrs_dmstc_12,Female,11
Malaysia,2021,B.24,"On a typical day, how many hours per day do you spend on domestic tasks or family care activities? (for example, taking care of children, cooking and cleaning)",1-2,sog_w2_hrs_dmstc_12,Combined,14
Singapore,2021,B.24,"On a typical day, how many hours per day do you spend on domestic tasks or family care activities? (for example, taking care of children, cooking and cleaning)",1-2,sog_w2_hrs_dmstc_12,Male,28
Singapore,2021,B.24,"On a typical day, how many hours per day do you spend on domestic tasks or family care activities? (for example, taking care of children, cooking and cleaning)",1-2,sog_w2_hrs_dmstc_12,Female,16
Singapore,2021,B.24,"On a typical day, how many hours per day do you spend on domestic tasks or family care activities? (for example, taking care of children, cooking and cleaning)",1-2,sog_w2_hrs_dmstc_12,Combined,23
Australia,2021,B.24,"On a typical day, how many hours per day do you spend on domestic tasks or family care activities? (for example, taking care of children, cooking and cleaning)",1-2,sog_w2_hrs_dmstc_12,Male,35
Australia,2021,B.24,"On a typical day, how many hours per day do you spend on domestic tasks or family care activities? (for example, taking care of children, cooking and cleaning)",1-2,sog_w2_hrs_dmstc_12,Female,28
Australia,2021,B.24,"On a typical day, how many hours per day do you spend on domestic tasks or family care activities? (for example, taking care of children, cooking and cleaning)",1-2,sog_w2_hrs_dmstc_12,Combined,31
New Zealand,2021,B.24,"On a typical day, how many hours per day do you spend on domestic tasks or family care activities? (for example, taking care of children, cooking and cleaning)",1-2,sog_w2_hrs_dmstc_12,Male,39
New Zealand,2021,B.24,"On a typical day, how many hours per day do you spend on domestic tasks or family care activities? (for example, taking care of children, cooking and cleaning)",1-2,sog_w2_hrs_dmstc_12,Female,25
New Zealand,2021,B.24,"On a typical day, how many hours per day do you spend on domestic tasks or family care activities? (for example, taking care of children, cooking and cleaning)",1-2,sog_w2_hrs_dmstc_12,Combined,32
Philippines,2021,B.24,"On a typical day, how many hours per day do you spend on domestic tasks or family care activities? (for example, taking care of children, cooking and cleaning)",1-2,sog_w2_hrs_dmstc_12,Male,16
Philippines,2021,B.24,"On a typical day, how many hours per day do you spend on domestic tasks or family care activities? (for example, taking care of children, cooking and cleaning)",1-2,sog_w2_hrs_dmstc_12,Female,19
Philippines,2021,B.24,"On a typical day, how many hours per day do you spend on domestic tasks or family care activities? (for example, taking care of children, cooking and cleaning)",1-2,sog_w2_hrs_dmstc_12,Combined,17
Taiwan,2021,B.24,"On a typical day, how many hours per day do you spend on domestic tasks or family care activities? (for example, taking care of children, cooking and cleaning)",1-2,sog_w2_hrs_dmstc_12,Male,36
Taiwan,2021,B.24,"On a typical day, how many hours per day do you spend on domestic tasks or family care activities? (for example, taking care of children, cooking and cleaning)",1-2,sog_w2_hrs_dmstc_12,Female,23
Taiwan,2021,B.24,"On a typical day, how many hours per day do you spend on domestic tasks or family care activities? (for example, taking care of children, cooking and cleaning)",1-2,sog_w2_hrs_dmstc_12,Combined,29
Japan,2021,B.24,"On a typical day, how many hours per day do you spend on domestic tasks or family care activities? (for example, taking care of children, cooking and cleaning)",1-2,sog_w2_hrs_dmstc_12,Male,26
Japan,2021,B.24,"On a typical day, how many hours per day do you spend on domestic tasks or family care activities? (for example, taking care of children, cooking and cleaning)",1-2,sog_w2_hrs_dmstc_12,Female,24
Japan,2021,B.24,"On a typical day, how many hours per day do you spend on domestic tasks or family care activities? (for example, taking care of children, cooking and cleaning)",1-2,sog_w2_hrs_dmstc_12,Combined,25
South Korea,2021,B.24,"On a typical day, how many hours per day do you spend on domestic tasks or family care activities? (for example, taking care of children, cooking and cleaning)",1-2,sog_w2_hrs_dmstc_12,Male,22
South Korea,2021,B.24,"On a typical day, how many hours per day do you spend on domestic tasks or family care activities? (for example, taking care of children, cooking and cleaning)",1-2,sog_w2_hrs_dmstc_12,Female,18
South Korea,2021,B.24,"On a typical day, how many hours per day do you spend on domestic tasks or family care activities? (for example, taking care of children, cooking and cleaning)",1-2,sog_w2_hrs_dmstc_12,Combined,20
Thailand,2021,B.24,"On a typical day, how many hours per day do you spend on domestic tasks or family care activities? (for example, taking care of children, cooking and cleaning)",1-2,sog_w2_hrs_dmstc_12,Male,32
Thailand,2021,B.24,"On a typical day, how many hours per day do you spend on domestic tasks or family care activities? (for example, taking care of children, cooking and cleaning)",1-2,sog_w2_hrs_dmstc_12,Female,25
Thailand,2021,B.24,"On a typical day, how many hours per day do you spend on domestic tasks or family care activities? (for example, taking care of children, cooking and cleaning)",1-2,sog_w2_hrs_dmstc_12,Combined,28
Vietnam,2021,B.24,"On a typical day, how many hours per day do you spend on domestic tasks or family care activities? (for example, taking care of children, cooking and cleaning)",1-2,sog_w2_hrs_dmstc_12,Male,29
Vietnam,2021,B.24,"On a typical day, how many hours per day do you spend on domestic tasks or family care activities? (for example, taking care of children, cooking and cleaning)",1-2,sog_w2_hrs_dmstc_12,Female,24
Vietnam,2021,B.24,"On a typical day, how many hours per day do you spend on domestic tasks or family care activities? (for example, taking care of children, cooking and cleaning)",1-2,sog_w2_hrs_dmstc_12,Combined,26
Myanmar,2021,B.24,"On a typical day, how many hours per day do you spend on domestic tasks or family care activities? (for example, taking care of children, cooking and cleaning)",1-2,sog_w2_hrs_dmstc_12,Male,23
Myanmar,2021,B.24,"On a typical day, how many hours per day do you spend on domestic tasks or family care activities? (for example, taking care of children, cooking and cleaning)",1-2,sog_w2_hrs_dmstc_12,Female,12
Myanmar,2021,B.24,"On a typical day, how many hours per day do you spend on domestic tasks or family care activities? (for example, taking care of children, cooking and cleaning)",1-2,sog_w2_hrs_dmstc_12,Combined,18
Indonesia,2021,B.24,"On a typical day, how many hours per day do you spend on domestic tasks or family care activities? (for example, taking care of children, cooking and cleaning)",2-3,sog_w2_hrs_dmstc_23,Male,16
Indonesia,2021,B.24,"On a typical day, how many hours per day do you spend on domestic tasks or family care activities? (for example, taking care of children, cooking and cleaning)",2-3,sog_w2_hrs_dmstc_23,Female,18
Indonesia,2021,B.24,"On a typical day, how many hours per day do you spend on domestic tasks or family care activities? (for example, taking care of children, cooking and cleaning)",2-3,sog_w2_hrs_dmstc_23,Combined,17
India,2021,B.24,"On a typical day, how many hours per day do you spend on domestic tasks or family care activities? (for example, taking care of children, cooking and cleaning)",2-3,sog_w2_hrs_dmstc_23,Male,12
India,2021,B.24,"On a typical day, how many hours per day do you spend on domestic tasks or family care activities? (for example, taking care of children, cooking and cleaning)",2-3,sog_w2_hrs_dmstc_23,Female,9
India,2021,B.24,"On a typical day, how many hours per day do you spend on domestic tasks or family care activities? (for example, taking care of children, cooking and cleaning)",2-3,sog_w2_hrs_dmstc_23,Combined,11
Malaysia,2021,B.24,"On a typical day, how many hours per day do you spend on domestic tasks or family care activities? (for example, taking care of children, cooking and cleaning)",2-3,sog_w2_hrs_dmstc_23,Male,20
Malaysia,2021,B.24,"On a typical day, how many hours per day do you spend on domestic tasks or family care activities? (for example, taking care of children, cooking and cleaning)",2-3,sog_w2_hrs_dmstc_23,Female,10
Malaysia,2021,B.24,"On a typical day, how many hours per day do you spend on domestic tasks or family care activities? (for example, taking care of children, cooking and cleaning)",2-3,sog_w2_hrs_dmstc_23,Combined,15
Singapore,2021,B.24,"On a typical day, how many hours per day do you spend on domestic tasks or family care activities? (for example, taking care of children, cooking and cleaning)",2-3,sog_w2_hrs_dmstc_23,Male,16
Singapore,2021,B.24,"On a typical day, how many hours per day do you spend on domestic tasks or family care activities? (for example, taking care of children, cooking and cleaning)",2-3,sog_w2_hrs_dmstc_23,Female,13
Singapore,2021,B.24,"On a typical day, how many hours per day do you spend on domestic tasks or family care activities? (for example, taking care of children, cooking and cleaning)",2-3,sog_w2_hrs_dmstc_23,Combined,15
Australia,2021,B.24,"On a typical day, how many hours per day do you spend on domestic tasks or family care activities? (for example, taking care of children, cooking and cleaning)",2-3,sog_w2_hrs_dmstc_23,Male,23
Australia,2021,B.24,"On a typical day, how many hours per day do you spend on domestic tasks or family care activities? (for example, taking care of children, cooking and cleaning)",2-3,sog_w2_hrs_dmstc_23,Female,16
Australia,2021,B.24,"On a typical day, how many hours per day do you spend on domestic tasks or family care activities? (for example, taking care of children, cooking and cleaning)",2-3,sog_w2_hrs_dmstc_23,Combined,20
New Zealand,2021,B.24,"On a typical day, how many hours per day do you spend on domestic tasks or family care activities? (for example, taking care of children, cooking and cleaning)",2-3,sog_w2_hrs_dmstc_23,Male,18
New Zealand,2021,B.24,"On a typical day, how many hours per day do you spend on domestic tasks or family care activities? (for example, taking care of children, cooking and cleaning)",2-3,sog_w2_hrs_dmstc_23,Female,21
New Zealand,2021,B.24,"On a typical day, how many hours per day do you spend on domestic tasks or family care activities? (for example, taking care of children, cooking and cleaning)",2-3,sog_w2_hrs_dmstc_23,Combined,19
Philippines,2021,B.24,"On a typical day, how many hours per day do you spend on domestic tasks or family care activities? (for example, taking care of children, cooking and cleaning)",2-3,sog_w2_hrs_dmstc_23,Male,21
Philippines,2021,B.24,"On a typical day, how many hours per day do you spend on domestic tasks or family care activities? (for example, taking care of children, cooking and cleaning)",2-3,sog_w2_hrs_dmstc_23,Female,9
Philippines,2021,B.24,"On a typical day, how many hours per day do you spend on domestic tasks or family care activities? (for example, taking care of children, cooking and cleaning)",2-3,sog_w2_hrs_dmstc_23,Combined,15
Taiwan,2021,B.24,"On a typical day, how many hours per day do you spend on domestic tasks or family care activities? (for example, taking care of children, cooking and cleaning)",2-3,sog_w2_hrs_dmstc_23,Male,12
Taiwan,2021,B.24,"On a typical day, how many hours per day do you spend on domestic tasks or family care activities? (for example, taking care of children, cooking and cleaning)",2-3,sog_w2_hrs_dmstc_23,Female,17
Taiwan,2021,B.24,"On a typical day, how many hours per day do you spend on domestic tasks or family care activities? (for example, taking care of children, cooking and cleaning)",2-3,sog_w2_hrs_dmstc_23,Combined,15
Japan,2021,B.24,"On a typical day, how many hours per day do you spend on domestic tasks or family care activities? (for example, taking care of children, cooking and cleaning)",2-3,sog_w2_hrs_dmstc_23,Male,20
Japan,2021,B.24,"On a typical day, how many hours per day do you spend on domestic tasks or family care activities? (for example, taking care of children, cooking and cleaning)",2-3,sog_w2_hrs_dmstc_23,Female,19
Japan,2021,B.24,"On a typical day, how many hours per day do you spend on domestic tasks or family care activities? (for example, taking care of children, cooking and cleaning)",2-3,sog_w2_hrs_dmstc_23,Combined,20
South Korea,2021,B.24,"On a typical day, how many hours per day do you spend on domestic tasks or family care activities? (for example, taking care of children, cooking and cleaning)",2-3,sog_w2_hrs_dmstc_23,Male,15
South Korea,2021,B.24,"On a typical day, how many hours per day do you spend on domestic tasks or family care activities? (for example, taking care of children, cooking and cleaning)",2-3,sog_w2_hrs_dmstc_23,Female,12
South Korea,2021,B.24,"On a typical day, how many hours per day do you spend on domestic tasks or family care activities? (for example, taking care of children, cooking and cleaning)",2-3,sog_w2_hrs_dmstc_23,Combined,14
Thailand,2021,B.24,"On a typical day, how many hours per day do you spend on domestic tasks or family care activities? (for example, taking care of children, cooking and cleaning)",2-3,sog_w2_hrs_dmstc_23,Male,15
Thailand,2021,B.24,"On a typical day, how many hours per day do you spend on domestic tasks or family care activities? (for example, taking care of children, cooking and cleaning)",2-3,sog_w2_hrs_dmstc_23,Female,16
Thailand,2021,B.24,"On a typical day, how many hours per day do you spend on domestic tasks or family care activities? (for example, taking care of children, cooking and cleaning)",2-3,sog_w2_hrs_dmstc_23,Combined,16
Vietnam,2021,B.24,"On a typical day, how many hours per day do you spend on domestic tasks or family care activities? (for example, taking care of children, cooking and cleaning)",2-3,sog_w2_hrs_dmstc_23,Male,19
Vietnam,2021,B.24,"On a typical day, how many hours per day do you spend on domestic tasks or family care activities? (for example, taking care of children, cooking and cleaning)",2-3,sog_w2_hrs_dmstc_23,Female,16
Vietnam,2021,B.24,"On a typical day, how many hours per day do you spend on domestic tasks or family care activities? (for example, taking care of children, cooking and cleaning)",2-3,sog_w2_hrs_dmstc_23,Combined,17
Myanmar,2021,B.24,"On a typical day, how many hours per day do you spend on domestic tasks or family care activities? (for example, taking care of children, cooking and cleaning)",2-3,sog_w2_hrs_dmstc_23,Male,12
Myanmar,2021,B.24,"On a typical day, how many hours per day do you spend on domestic tasks or family care activities? (for example, taking care of children, cooking and cleaning)",2-3,sog_w2_hrs_dmstc_23,Female,18
Myanmar,2021,B.24,"On a typical day, how many hours per day do you spend on domestic tasks or family care activities? (for example, taking care of children, cooking and cleaning)",2-3,sog_w2_hrs_dmstc_23,Combined,14
Indonesia,2021,B.24,"On a typical day, how many hours per day do you spend on domestic tasks or family care activities? (for example, taking care of children, cooking and cleaning)",3-4,sog_w2_hrs_dmstc_34,Male,11
Indonesia,2021,B.24,"On a typical day, how many hours per day do you spend on domestic tasks or family care activities? (for example, taking care of children, cooking and cleaning)",3-4,sog_w2_hrs_dmstc_34,Female,11
Indonesia,2021,B.24,"On a typical day, how many hours per day do you spend on domestic tasks or family care activities? (for example, taking care of children, cooking and cleaning)",3-4,sog_w2_hrs_dmstc_34,Combined,11
India,2021,B.24,"On a typical day, how many hours per day do you spend on domestic tasks or family care activities? (for example, taking care of children, cooking and cleaning)",3-4,sog_w2_hrs_dmstc_34,Male,12
India,2021,B.24,"On a typical day, how many hours per day do you spend on domestic tasks or family care activities? (for example, taking care of children, cooking and cleaning)",3-4,sog_w2_hrs_dmstc_34,Female,7
India,2021,B.24,"On a typical day, how many hours per day do you spend on domestic tasks or family care activities? (for example, taking care of children, cooking and cleaning)",3-4,sog_w2_hrs_dmstc_34,Combined,11
Malaysia,2021,B.24,"On a typical day, how many hours per day do you spend on domestic tasks or family care activities? (for example, taking care of children, cooking and cleaning)",3-4,sog_w2_hrs_dmstc_34,Male,13
Malaysia,2021,B.24,"On a typical day, how many hours per day do you spend on domestic tasks or family care activities? (for example, taking care of children, cooking and cleaning)",3-4,sog_w2_hrs_dmstc_34,Female,16
Malaysia,2021,B.24,"On a typical day, how many hours per day do you spend on domestic tasks or family care activities? (for example, taking care of children, cooking and cleaning)",3-4,sog_w2_hrs_dmstc_34,Combined,15
Singapore,2021,B.24,"On a typical day, how many hours per day do you spend on domestic tasks or family care activities? (for example, taking care of children, cooking and cleaning)",3-4,sog_w2_hrs_dmstc_34,Male,9
Singapore,2021,B.24,"On a typical day, how many hours per day do you spend on domestic tasks or family care activities? (for example, taking care of children, cooking and cleaning)",3-4,sog_w2_hrs_dmstc_34,Female,11
Singapore,2021,B.24,"On a typical day, how many hours per day do you spend on domestic tasks or family care activities? (for example, taking care of children, cooking and cleaning)",3-4,sog_w2_hrs_dmstc_34,Combined,10
Australia,2021,B.24,"On a typical day, how many hours per day do you spend on domestic tasks or family care activities? (for example, taking care of children, cooking and cleaning)",3-4,sog_w2_hrs_dmstc_34,Male,12
Australia,2021,B.24,"On a typical day, how many hours per day do you spend on domestic tasks or family care activities? (for example, taking care of children, cooking and cleaning)",3-4,sog_w2_hrs_dmstc_34,Female,16
Australia,2021,B.24,"On a typical day, how many hours per day do you spend on domestic tasks or family care activities? (for example, taking care of children, cooking and cleaning)",3-4,sog_w2_hrs_dmstc_34,Combined,14
New Zealand,2021,B.24,"On a typical day, how many hours per day do you spend on domestic tasks or family care activities? (for example, taking care of children, cooking and cleaning)",3-4,sog_w2_hrs_dmstc_34,Male,10
New Zealand,2021,B.24,"On a typical day, how many hours per day do you spend on domestic tasks or family care activities? (for example, taking care of children, cooking and cleaning)",3-4,sog_w2_hrs_dmstc_34,Female,10
New Zealand,2021,B.24,"On a typical day, how many hours per day do you spend on domestic tasks or family care activities? (for example, taking care of children, cooking and cleaning)",3-4,sog_w2_hrs_dmstc_34,Combined,10
Philippines,2021,B.24,"On a typical day, how many hours per day do you spend on domestic tasks or family care activities? (for example, taking care of children, cooking and cleaning)",3-4,sog_w2_hrs_dmstc_34,Male,9
Philippines,2021,B.24,"On a typical day, how many hours per day do you spend on domestic tasks or family care activities? (for example, taking care of children, cooking and cleaning)",3-4,sog_w2_hrs_dmstc_34,Female,9
Philippines,2021,B.24,"On a typical day, how many hours per day do you spend on domestic tasks or family care activities? (for example, taking care of children, cooking and cleaning)",3-4,sog_w2_hrs_dmstc_34,Combined,9
Taiwan,2021,B.24,"On a typical day, how many hours per day do you spend on domestic tasks or family care activities? (for example, taking care of children, cooking and cleaning)",3-4,sog_w2_hrs_dmstc_34,Male,7
Taiwan,2021,B.24,"On a typical day, how many hours per day do you spend on domestic tasks or family care activities? (for example, taking care of children, cooking and cleaning)",3-4,sog_w2_hrs_dmstc_34,Female,8
Taiwan,2021,B.24,"On a typical day, how many hours per day do you spend on domestic tasks or family care activities? (for example, taking care of children, cooking and cleaning)",3-4,sog_w2_hrs_dmstc_34,Combined,8
Japan,2021,B.24,"On a typical day, how many hours per day do you spend on domestic tasks or family care activities? (for example, taking care of children, cooking and cleaning)",3-4,sog_w2_hrs_dmstc_34,Male,9
Japan,2021,B.24,"On a typical day, how many hours per day do you spend on domestic tasks or family care activities? (for example, taking care of children, cooking and cleaning)",3-4,sog_w2_hrs_dmstc_34,Female,14
Japan,2021,B.24,"On a typical day, how many hours per day do you spend on domestic tasks or family care activities? (for example, taking care of children, cooking and cleaning)",3-4,sog_w2_hrs_dmstc_34,Combined,11
South Korea,2021,B.24,"On a typical day, how many hours per day do you spend on domestic tasks or family care activities? (for example, taking care of children, cooking and cleaning)",3-4,sog_w2_hrs_dmstc_34,Male,4
South Korea,2021,B.24,"On a typical day, how many hours per day do you spend on domestic tasks or family care activities? (for example, taking care of children, cooking and cleaning)",3-4,sog_w2_hrs_dmstc_34,Female,12
South Korea,2021,B.24,"On a typical day, how many hours per day do you spend on domestic tasks or family care activities? (for example, taking care of children, cooking and cleaning)",3-4,sog_w2_hrs_dmstc_34,Combined,8
Thailand,2021,B.24,"On a typical day, how many hours per day do you spend on domestic tasks or family care activities? (for example, taking care of children, cooking and cleaning)",3-4,sog_w2_hrs_dmstc_34,Male,10
Thailand,2021,B.24,"On a typical day, how many hours per day do you spend on domestic tasks or family care activities? (for example, taking care of children, cooking and cleaning)",3-4,sog_w2_hrs_dmstc_34,Female,15
Thailand,2021,B.24,"On a typical day, how many hours per day do you spend on domestic tasks or family care activities? (for example, taking care of children, cooking and cleaning)",3-4,sog_w2_hrs_dmstc_34,Combined,13
Vietnam,2021,B.24,"On a typical day, how many hours per day do you spend on domestic tasks or family care activities? (for example, taking care of children, cooking and cleaning)",3-4,sog_w2_hrs_dmstc_34,Male,14
Vietnam,2021,B.24,"On a typical day, how many hours per day do you spend on domestic tasks or family care activities? (for example, taking care of children, cooking and cleaning)",3-4,sog_w2_hrs_dmstc_34,Female,14
Vietnam,2021,B.24,"On a typical day, how many hours per day do you spend on domestic tasks or family care activities? (for example, taking care of children, cooking and cleaning)",3-4,sog_w2_hrs_dmstc_34,Combined,14
Myanmar,2021,B.24,"On a typical day, how many hours per day do you spend on domestic tasks or family care activities? (for example, taking care of children, cooking and cleaning)",3-4,sog_w2_hrs_dmstc_34,Male,13
Myanmar,2021,B.24,"On a typical day, how many hours per day do you spend on domestic tasks or family care activities? (for example, taking care of children, cooking and cleaning)",3-4,sog_w2_hrs_dmstc_34,Female,9
Myanmar,2021,B.24,"On a typical day, how many hours per day do you spend on domestic tasks or family care activities? (for example, taking care of children, cooking and cleaning)",3-4,sog_w2_hrs_dmstc_34,Combined,11
Indonesia,2021,B.24,"On a typical day, how many hours per day do you spend on domestic tasks or family care activities? (for example, taking care of children, cooking and cleaning)",4-5,sog_w2_hrs_dmstc_45,Male,8
Indonesia,2021,B.24,"On a typical day, how many hours per day do you spend on domestic tasks or family care activities? (for example, taking care of children, cooking and cleaning)",4-5,sog_w2_hrs_dmstc_45,Female,11
Indonesia,2021,B.24,"On a typical day, how many hours per day do you spend on domestic tasks or family care activities? (for example, taking care of children, cooking and cleaning)",4-5,sog_w2_hrs_dmstc_45,Combined,9
India,2021,B.24,"On a typical day, how many hours per day do you spend on domestic tasks or family care activities? (for example, taking care of children, cooking and cleaning)",4-5,sog_w2_hrs_dmstc_45,Male,13
India,2021,B.24,"On a typical day, how many hours per day do you spend on domestic tasks or family care activities? (for example, taking care of children, cooking and cleaning)",4-5,sog_w2_hrs_dmstc_45,Female,19
India,2021,B.24,"On a typical day, how many hours per day do you spend on domestic tasks or family care activities? (for example, taking care of children, cooking and cleaning)",4-5,sog_w2_hrs_dmstc_45,Combined,15
Malaysia,2021,B.24,"On a typical day, how many hours per day do you spend on domestic tasks or family care activities? (for example, taking care of children, cooking and cleaning)",4-5,sog_w2_hrs_dmstc_45,Male,7
Malaysia,2021,B.24,"On a typical day, how many hours per day do you spend on domestic tasks or family care activities? (for example, taking care of children, cooking and cleaning)",4-5,sog_w2_hrs_dmstc_45,Female,17
Malaysia,2021,B.24,"On a typical day, how many hours per day do you spend on domestic tasks or family care activities? (for example, taking care of children, cooking and cleaning)",4-5,sog_w2_hrs_dmstc_45,Combined,12
Singapore,2021,B.24,"On a typical day, how many hours per day do you spend on domestic tasks or family care activities? (for example, taking care of children, cooking and cleaning)",4-5,sog_w2_hrs_dmstc_45,Male,4
Singapore,2021,B.24,"On a typical day, how many hours per day do you spend on domestic tasks or family care activities? (for example, taking care of children, cooking and cleaning)",4-5,sog_w2_hrs_dmstc_45,Female,7
Singapore,2021,B.24,"On a typical day, how many hours per day do you spend on domestic tasks or family care activities? (for example, taking care of children, cooking and cleaning)",4-5,sog_w2_hrs_dmstc_45,Combined,6
Australia,2021,B.24,"On a typical day, how many hours per day do you spend on domestic tasks or family care activities? (for example, taking care of children, cooking and cleaning)",4-5,sog_w2_hrs_dmstc_45,Male,5
Australia,2021,B.24,"On a typical day, how many hours per day do you spend on domestic tasks or family care activities? (for example, taking care of children, cooking and cleaning)",4-5,sog_w2_hrs_dmstc_45,Female,9
Australia,2021,B.24,"On a typical day, how many hours per day do you spend on domestic tasks or family care activities? (for example, taking care of children, cooking and cleaning)",4-5,sog_w2_hrs_dmstc_45,Combined,7
New Zealand,2021,B.24,"On a typical day, how many hours per day do you spend on domestic tasks or family care activities? (for example, taking care of children, cooking and cleaning)",4-5,sog_w2_hrs_dmstc_45,Male,4
New Zealand,2021,B.24,"On a typical day, how many hours per day do you spend on domestic tasks or family care activities? (for example, taking care of children, cooking and cleaning)",4-5,sog_w2_hrs_dmstc_45,Female,9
New Zealand,2021,B.24,"On a typical day, how many hours per day do you spend on domestic tasks or family care activities? (for example, taking care of children, cooking and cleaning)",4-5,sog_w2_hrs_dmstc_45,Combined,7
Philippines,2021,B.24,"On a typical day, how many hours per day do you spend on domestic tasks or family care activities? (for example, taking care of children, cooking and cleaning)",4-5,sog_w2_hrs_dmstc_45,Male,15
Philippines,2021,B.24,"On a typical day, how many hours per day do you spend on domestic tasks or family care activities? (for example, taking care of children, cooking and cleaning)",4-5,sog_w2_hrs_dmstc_45,Female,13
Philippines,2021,B.24,"On a typical day, how many hours per day do you spend on domestic tasks or family care activities? (for example, taking care of children, cooking and cleaning)",4-5,sog_w2_hrs_dmstc_45,Combined,14
Taiwan,2021,B.24,"On a typical day, how many hours per day do you spend on domestic tasks or family care activities? (for example, taking care of children, cooking and cleaning)",4-5,sog_w2_hrs_dmstc_45,Male,1
Taiwan,2021,B.24,"On a typical day, how many hours per day do you spend on domestic tasks or family care activities? (for example, taking care of children, cooking and cleaning)",4-5,sog_w2_hrs_dmstc_45,Female,6
Taiwan,2021,B.24,"On a typical day, how many hours per day do you spend on domestic tasks or family care activities? (for example, taking care of children, cooking and cleaning)",4-5,sog_w2_hrs_dmstc_45,Combined,4
Japan,2021,B.24,"On a typical day, how many hours per day do you spend on domestic tasks or family care activities? (for example, taking care of children, cooking and cleaning)",4-5,sog_w2_hrs_dmstc_45,Male,4
Japan,2021,B.24,"On a typical day, how many hours per day do you spend on domestic tasks or family care activities? (for example, taking care of children, cooking and cleaning)",4-5,sog_w2_hrs_dmstc_45,Female,11
Japan,2021,B.24,"On a typical day, how many hours per day do you spend on domestic tasks or family care activities? (for example, taking care of children, cooking and cleaning)",4-5,sog_w2_hrs_dmstc_45,Combined,7
South Korea,2021,B.24,"On a typical day, how many hours per day do you spend on domestic tasks or family care activities? (for example, taking care of children, cooking and cleaning)",4-5,sog_w2_hrs_dmstc_45,Male,3
South Korea,2021,B.24,"On a typical day, how many hours per day do you spend on domestic tasks or family care activities? (for example, taking care of children, cooking and cleaning)",4-5,sog_w2_hrs_dmstc_45,Female,3
South Korea,2021,B.24,"On a typical day, how many hours per day do you spend on domestic tasks or family care activities? (for example, taking care of children, cooking and cleaning)",4-5,sog_w2_hrs_dmstc_45,Combined,3
Thailand,2021,B.24,"On a typical day, how many hours per day do you spend on domestic tasks or family care activities? (for example, taking care of children, cooking and cleaning)",4-5,sog_w2_hrs_dmstc_45,Male,7
Thailand,2021,B.24,"On a typical day, how many hours per day do you spend on domestic tasks or family care activities? (for example, taking care of children, cooking and cleaning)",4-5,sog_w2_hrs_dmstc_45,Female,8
Thailand,2021,B.24,"On a typical day, how many hours per day do you spend on domestic tasks or family care activities? (for example, taking care of children, cooking and cleaning)",4-5,sog_w2_hrs_dmstc_45,Combined,8
Vietnam,2021,B.24,"On a typical day, how many hours per day do you spend on domestic tasks or family care activities? (for example, taking care of children, cooking and cleaning)",4-5,sog_w2_hrs_dmstc_45,Male,5
Vietnam,2021,B.24,"On a typical day, how many hours per day do you spend on domestic tasks or family care activities? (for example, taking care of children, cooking and cleaning)",4-5,sog_w2_hrs_dmstc_45,Female,7
Vietnam,2021,B.24,"On a typical day, how many hours per day do you spend on domestic tasks or family care activities? (for example, taking care of children, cooking and cleaning)",4-5,sog_w2_hrs_dmstc_45,Combined,6
Myanmar,2021,B.24,"On a typical day, how many hours per day do you spend on domestic tasks or family care activities? (for example, taking care of children, cooking and cleaning)",4-5,sog_w2_hrs_dmstc_45,Male,4
Myanmar,2021,B.24,"On a typical day, how many hours per day do you spend on domestic tasks or family care activities? (for example, taking care of children, cooking and cleaning)",4-5,sog_w2_hrs_dmstc_45,Female,10
Myanmar,2021,B.24,"On a typical day, how many hours per day do you spend on domestic tasks or family care activities? (for example, taking care of children, cooking and cleaning)",4-5,sog_w2_hrs_dmstc_45,Combined,7
Indonesia,2021,B.24,"On a typical day, how many hours per day do you spend on domestic tasks or family care activities? (for example, taking care of children, cooking and cleaning)",5-7,sog_w2_hrs_dmstc_57,Male,6
Indonesia,2021,B.24,"On a typical day, how many hours per day do you spend on domestic tasks or family care activities? (for example, taking care of children, cooking and cleaning)",5-7,sog_w2_hrs_dmstc_57,Female,6
Indonesia,2021,B.24,"On a typical day, how many hours per day do you spend on domestic tasks or family care activities? (for example, taking care of children, cooking and cleaning)",5-7,sog_w2_hrs_dmstc_57,Combined,6
India,2021,B.24,"On a typical day, how many hours per day do you spend on domestic tasks or family care activities? (for example, taking care of children, cooking and cleaning)",5-7,sog_w2_hrs_dmstc_57,Male,3
India,2021,B.24,"On a typical day, how many hours per day do you spend on domestic tasks or family care activities? (for example, taking care of children, cooking and cleaning)",5-7,sog_w2_hrs_dmstc_57,Female,4
India,2021,B.24,"On a typical day, how many hours per day do you spend on domestic tasks or family care activities? (for example, taking care of children, cooking and cleaning)",5-7,sog_w2_hrs_dmstc_57,Combined,3
Malaysia,2021,B.24,"On a typical day, how many hours per day do you spend on domestic tasks or family care activities? (for example, taking care of children, cooking and cleaning)",5-7,sog_w2_hrs_dmstc_57,Male,4
Malaysia,2021,B.24,"On a typical day, how many hours per day do you spend on domestic tasks or family care activities? (for example, taking care of children, cooking and cleaning)",5-7,sog_w2_hrs_dmstc_57,Female,7
Malaysia,2021,B.24,"On a typical day, how many hours per day do you spend on domestic tasks or family care activities? (for example, taking care of children, cooking and cleaning)",5-7,sog_w2_hrs_dmstc_57,Combined,6
Singapore,2021,B.24,"On a typical day, how many hours per day do you spend on domestic tasks or family care activities? (for example, taking care of children, cooking and cleaning)",5-7,sog_w2_hrs_dmstc_57,Male,3
Singapore,2021,B.24,"On a typical day, how many hours per day do you spend on domestic tasks or family care activities? (for example, taking care of children, cooking and cleaning)",5-7,sog_w2_hrs_dmstc_57,Female,6
Singapore,2021,B.24,"On a typical day, how many hours per day do you spend on domestic tasks or family care activities? (for example, taking care of children, cooking and cleaning)",5-7,sog_w2_hrs_dmstc_57,Combined,4
Australia,2021,B.24,"On a typical day, how many hours per day do you spend on domestic tasks or family care activities? (for example, taking care of children, cooking and cleaning)",5-7,sog_w2_hrs_dmstc_57,Male,4
Australia,2021,B.24,"On a typical day, how many hours per day do you spend on domestic tasks or family care activities? (for example, taking care of children, cooking and cleaning)",5-7,sog_w2_hrs_dmstc_57,Female,5
Australia,2021,B.24,"On a typical day, how many hours per day do you spend on domestic tasks or family care activities? (for example, taking care of children, cooking and cleaning)",5-7,sog_w2_hrs_dmstc_57,Combined,4
New Zealand,2021,B.24,"On a typical day, how many hours per day do you spend on domestic tasks or family care activities? (for example, taking care of children, cooking and cleaning)",5-7,sog_w2_hrs_dmstc_57,Male,4
New Zealand,2021,B.24,"On a typical day, how many hours per day do you spend on domestic tasks or family care activities? (for example, taking care of children, cooking and cleaning)",5-7,sog_w2_hrs_dmstc_57,Female,4
New Zealand,2021,B.24,"On a typical day, how many hours per day do you spend on domestic tasks or family care activities? (for example, taking care of children, cooking and cleaning)",5-7,sog_w2_hrs_dmstc_57,Combined,4
Philippines,2021,B.24,"On a typical day, how many hours per day do you spend on domestic tasks or family care activities? (for example, taking care of children, cooking and cleaning)",5-7,sog_w2_hrs_dmstc_57,Male,4
Philippines,2021,B.24,"On a typical day, how many hours per day do you spend on domestic tasks or family care activities? (for example, taking care of children, cooking and cleaning)",5-7,sog_w2_hrs_dmstc_57,Female,8
Philippines,2021,B.24,"On a typical day, how many hours per day do you spend on domestic tasks or family care activities? (for example, taking care of children, cooking and cleaning)",5-7,sog_w2_hrs_dmstc_57,Combined,6
Taiwan,2021,B.24,"On a typical day, how many hours per day do you spend on domestic tasks or family care activities? (for example, taking care of children, cooking and cleaning)",5-7,sog_w2_hrs_dmstc_57,Male,2
Taiwan,2021,B.24,"On a typical day, how many hours per day do you spend on domestic tasks or family care activities? (for example, taking care of children, cooking and cleaning)",5-7,sog_w2_hrs_dmstc_57,Female,3
Taiwan,2021,B.24,"On a typical day, how many hours per day do you spend on domestic tasks or family care activities? (for example, taking care of children, cooking and cleaning)",5-7,sog_w2_hrs_dmstc_57,Combined,2
Japan,2021,B.24,"On a typical day, how many hours per day do you spend on domestic tasks or family care activities? (for example, taking care of children, cooking and cleaning)",5-7,sog_w2_hrs_dmstc_57,Male,2
Japan,2021,B.24,"On a typical day, how many hours per day do you spend on domestic tasks or family care activities? (for example, taking care of children, cooking and cleaning)",5-7,sog_w2_hrs_dmstc_57,Female,7
Japan,2021,B.24,"On a typical day, how many hours per day do you spend on domestic tasks or family care activities? (for example, taking care of children, cooking and cleaning)",5-7,sog_w2_hrs_dmstc_57,Combined,4
South Korea,2021,B.24,"On a typical day, how many hours per day do you spend on domestic tasks or family care activities? (for example, taking care of children, cooking and cleaning)",5-7,sog_w2_hrs_dmstc_57,Male,2
South Korea,2021,B.24,"On a typical day, how many hours per day do you spend on domestic tasks or family care activities? (for example, taking care of children, cooking and cleaning)",5-7,sog_w2_hrs_dmstc_57,Female,4
South Korea,2021,B.24,"On a typical day, how many hours per day do you spend on domestic tasks or family care activities? (for example, taking care of children, cooking and cleaning)",5-7,sog_w2_hrs_dmstc_57,Combined,3
Thailand,2021,B.24,"On a typical day, how many hours per day do you spend on domestic tasks or family care activities? (for example, taking care of children, cooking and cleaning)",5-7,sog_w2_hrs_dmstc_57,Male,5
Thailand,2021,B.24,"On a typical day, how many hours per day do you spend on domestic tasks or family care activities? (for example, taking care of children, cooking and cleaning)",5-7,sog_w2_hrs_dmstc_57,Female,9
Thailand,2021,B.24,"On a typical day, how many hours per day do you spend on domestic tasks or family care activities? (for example, taking care of children, cooking and cleaning)",5-7,sog_w2_hrs_dmstc_57,Combined,7
Vietnam,2021,B.24,"On a typical day, how many hours per day do you spend on domestic tasks or family care activities? (for example, taking care of children, cooking and cleaning)",5-7,sog_w2_hrs_dmstc_57,Male,4
Vietnam,2021,B.24,"On a typical day, how many hours per day do you spend on domestic tasks or family care activities? (for example, taking care of children, cooking and cleaning)",5-7,sog_w2_hrs_dmstc_57,Female,10
Vietnam,2021,B.24,"On a typical day, how many hours per day do you spend on domestic tasks or family care activities? (for example, taking care of children, cooking and cleaning)",5-7,sog_w2_hrs_dmstc_57,Combined,7
Myanmar,2021,B.24,"On a typical day, how many hours per day do you spend on domestic tasks or family care activities? (for example, taking care of children, cooking and cleaning)",5-7,sog_w2_hrs_dmstc_57,Male,6
Myanmar,2021,B.24,"On a typical day, how many hours per day do you spend on domestic tasks or family care activities? (for example, taking care of children, cooking and cleaning)",5-7,sog_w2_hrs_dmstc_57,Female,1
Myanmar,2021,B.24,"On a typical day, how many hours per day do you spend on domestic tasks or family care activities? (for example, taking care of children, cooking and cleaning)",5-7,sog_w2_hrs_dmstc_57,Combined,4
Indonesia,2021,B.24,"On a typical day, how many hours per day do you spend on domestic tasks or family care activities? (for example, taking care of children, cooking and cleaning)",7-9,sog_w2_hrs_dmstc_79,Male,2
Indonesia,2021,B.24,"On a typical day, how many hours per day do you spend on domestic tasks or family care activities? (for example, taking care of children, cooking and cleaning)",7-9,sog_w2_hrs_dmstc_79,Female,6
Indonesia,2021,B.24,"On a typical day, how many hours per day do you spend on domestic tasks or family care activities? (for example, taking care of children, cooking and cleaning)",7-9,sog_w2_hrs_dmstc_79,Combined,4
India,2021,B.24,"On a typical day, how many hours per day do you spend on domestic tasks or family care activities? (for example, taking care of children, cooking and cleaning)",7-9,sog_w2_hrs_dmstc_79,Male,5
India,2021,B.24,"On a typical day, how many hours per day do you spend on domestic tasks or family care activities? (for example, taking care of children, cooking and cleaning)",7-9,sog_w2_hrs_dmstc_79,Female,9
India,2021,B.24,"On a typical day, how many hours per day do you spend on domestic tasks or family care activities? (for example, taking care of children, cooking and cleaning)",7-9,sog_w2_hrs_dmstc_79,Combined,6
Malaysia,2021,B.24,"On a typical day, how many hours per day do you spend on domestic tasks or family care activities? (for example, taking care of children, cooking and cleaning)",7-9,sog_w2_hrs_dmstc_79,Male,4
Malaysia,2021,B.24,"On a typical day, how many hours per day do you spend on domestic tasks or family care activities? (for example, taking care of children, cooking and cleaning)",7-9,sog_w2_hrs_dmstc_79,Female,5
Malaysia,2021,B.24,"On a typical day, how many hours per day do you spend on domestic tasks or family care activities? (for example, taking care of children, cooking and cleaning)",7-9,sog_w2_hrs_dmstc_79,Combined,5
Singapore,2021,B.24,"On a typical day, how many hours per day do you spend on domestic tasks or family care activities? (for example, taking care of children, cooking and cleaning)",7-9,sog_w2_hrs_dmstc_79,Male,2
Singapore,2021,B.24,"On a typical day, how many hours per day do you spend on domestic tasks or family care activities? (for example, taking care of children, cooking and cleaning)",7-9,sog_w2_hrs_dmstc_79,Female,8
Singapore,2021,B.24,"On a typical day, how many hours per day do you spend on domestic tasks or family care activities? (for example, taking care of children, cooking and cleaning)",7-9,sog_w2_hrs_dmstc_79,Combined,5
Australia,2021,B.24,"On a typical day, how many hours per day do you spend on domestic tasks or family care activities? (for example, taking care of children, cooking and cleaning)",7-9,sog_w2_hrs_dmstc_79,Male,1
Australia,2021,B.24,"On a typical day, how many hours per day do you spend on domestic tasks or family care activities? (for example, taking care of children, cooking and cleaning)",7-9,sog_w2_hrs_dmstc_79,Female,4
Australia,2021,B.24,"On a typical day, how many hours per day do you spend on domestic tasks or family care activities? (for example, taking care of children, cooking and cleaning)",7-9,sog_w2_hrs_dmstc_79,Combined,3
New Zealand,2021,B.24,"On a typical day, how many hours per day do you spend on domestic tasks or family care activities? (for example, taking care of children, cooking and cleaning)",7-9,sog_w2_hrs_dmstc_79,Male,1
New Zealand,2021,B.24,"On a typical day, how many hours per day do you spend on domestic tasks or family care activities? (for example, taking care of children, cooking and cleaning)",7-9,sog_w2_hrs_dmstc_79,Female,2
New Zealand,2021,B.24,"On a typical day, how many hours per day do you spend on domestic tasks or family care activities? (for example, taking care of children, cooking and cleaning)",7-9,sog_w2_hrs_dmstc_79,Combined,2
Philippines,2021,B.24,"On a typical day, how many hours per day do you spend on domestic tasks or family care activities? (for example, taking care of children, cooking and cleaning)",7-9,sog_w2_hrs_dmstc_79,Male,3
Philippines,2021,B.24,"On a typical day, how many hours per day do you spend on domestic tasks or family care activities? (for example, taking care of children, cooking and cleaning)",7-9,sog_w2_hrs_dmstc_79,Female,4
Philippines,2021,B.24,"On a typical day, how many hours per day do you spend on domestic tasks or family care activities? (for example, taking care of children, cooking and cleaning)",7-9,sog_w2_hrs_dmstc_79,Combined,3
Taiwan,2021,B.24,"On a typical day, how many hours per day do you spend on domestic tasks or family care activities? (for example, taking care of children, cooking and cleaning)",7-9,sog_w2_hrs_dmstc_79,Male,2
Taiwan,2021,B.24,"On a typical day, how many hours per day do you spend on domestic tasks or family care activities? (for example, taking care of children, cooking and cleaning)",7-9,sog_w2_hrs_dmstc_79,Female,3
Taiwan,2021,B.24,"On a typical day, how many hours per day do you spend on domestic tasks or family care activities? (for example, taking care of children, cooking and cleaning)",7-9,sog_w2_hrs_dmstc_79,Combined,2
Japan,2021,B.24,"On a typical day, how many hours per day do you spend on domestic tasks or family care activities? (for example, taking care of children, cooking and cleaning)",7-9,sog_w2_hrs_dmstc_79,Male,0
Japan,2021,B.24,"On a typical day, how many hours per day do you spend on domestic tasks or family care activities? (for example, taking care of children, cooking and cleaning)",7-9,sog_w2_hrs_dmstc_79,Female,3
Japan,2021,B.24,"On a typical day, how many hours per day do you spend on domestic tasks or family care activities? (for example, taking care of children, cooking and cleaning)",7-9,sog_w2_hrs_dmstc_79,Combined,2
South Korea,2021,B.24,"On a typical day, how many hours per day do you spend on domestic tasks or family care activities? (for example, taking care of children, cooking and cleaning)",7-9,sog_w2_hrs_dmstc_79,Male,1
South Korea,2021,B.24,"On a typical day, how many hours per day do you spend on domestic tasks or family care activities? (for example, taking care of children, cooking and cleaning)",7-9,sog_w2_hrs_dmstc_79,Female,4
South Korea,2021,B.24,"On a typical day, how many hours per day do you spend on domestic tasks or family care activities? (for example, taking care of children, cooking and cleaning)",7-9,sog_w2_hrs_dmstc_79,Combined,2
Thailand,2021,B.24,"On a typical day, how many hours per day do you spend on domestic tasks or family care activities? (for example, taking care of children, cooking and cleaning)",7-9,sog_w2_hrs_dmstc_79,Male,4
Thailand,2021,B.24,"On a typical day, how many hours per day do you spend on domestic tasks or family care activities? (for example, taking care of children, cooking and cleaning)",7-9,sog_w2_hrs_dmstc_79,Female,4
Thailand,2021,B.24,"On a typical day, how many hours per day do you spend on domestic tasks or family care activities? (for example, taking care of children, cooking and cleaning)",7-9,sog_w2_hrs_dmstc_79,Combined,4
Vietnam,2021,B.24,"On a typical day, how many hours per day do you spend on domestic tasks or family care activities? (for example, taking care of children, cooking and cleaning)",7-9,sog_w2_hrs_dmstc_79,Male,4
Vietnam,2021,B.24,"On a typical day, how many hours per day do you spend on domestic tasks or family care activities? (for example, taking care of children, cooking and cleaning)",7-9,sog_w2_hrs_dmstc_79,Female,5
Vietnam,2021,B.24,"On a typical day, how many hours per day do you spend on domestic tasks or family care activities? (for example, taking care of children, cooking and cleaning)",7-9,sog_w2_hrs_dmstc_79,Combined,4
Myanmar,2021,B.24,"On a typical day, how many hours per day do you spend on domestic tasks or family care activities? (for example, taking care of children, cooking and cleaning)",7-9,sog_w2_hrs_dmstc_79,Male,2
Myanmar,2021,B.24,"On a typical day, how many hours per day do you spend on domestic tasks or family care activities? (for example, taking care of children, cooking and cleaning)",7-9,sog_w2_hrs_dmstc_79,Female,3
Myanmar,2021,B.24,"On a typical day, how many hours per day do you spend on domestic tasks or family care activities? (for example, taking care of children, cooking and cleaning)",7-9,sog_w2_hrs_dmstc_79,Combined,2
Indonesia,2021,B.24,"On a typical day, how many hours per day do you spend on domestic tasks or family care activities? (for example, taking care of children, cooking and cleaning)",9-11,sog_w2_hrs_dmstc_911,Male,2
Indonesia,2021,B.24,"On a typical day, how many hours per day do you spend on domestic tasks or family care activities? (for example, taking care of children, cooking and cleaning)",9-11,sog_w2_hrs_dmstc_911,Female,5
Indonesia,2021,B.24,"On a typical day, how many hours per day do you spend on domestic tasks or family care activities? (for example, taking care of children, cooking and cleaning)",9-11,sog_w2_hrs_dmstc_911,Combined,4
India,2021,B.24,"On a typical day, how many hours per day do you spend on domestic tasks or family care activities? (for example, taking care of children, cooking and cleaning)",9-11,sog_w2_hrs_dmstc_911,Male,1
India,2021,B.24,"On a typical day, how many hours per day do you spend on domestic tasks or family care activities? (for example, taking care of children, cooking and cleaning)",9-11,sog_w2_hrs_dmstc_911,Female,5
India,2021,B.24,"On a typical day, how many hours per day do you spend on domestic tasks or family care activities? (for example, taking care of children, cooking and cleaning)",9-11,sog_w2_hrs_dmstc_911,Combined,2
Malaysia,2021,B.24,"On a typical day, how many hours per day do you spend on domestic tasks or family care activities? (for example, taking care of children, cooking and cleaning)",9-11,sog_w2_hrs_dmstc_911,Male,3
Malaysia,2021,B.24,"On a typical day, how many hours per day do you spend on domestic tasks or family care activities? (for example, taking care of children, cooking and cleaning)",9-11,sog_w2_hrs_dmstc_911,Female,2
Malaysia,2021,B.24,"On a typical day, how many hours per day do you spend on domestic tasks or family care activities? (for example, taking care of children, cooking and cleaning)",9-11,sog_w2_hrs_dmstc_911,Combined,3
Singapore,2021,B.24,"On a typical day, how many hours per day do you spend on domestic tasks or family care activities? (for example, taking care of children, cooking and cleaning)",9-11,sog_w2_hrs_dmstc_911,Male,2
Singapore,2021,B.24,"On a typical day, how many hours per day do you spend on domestic tasks or family care activities? (for example, taking care of children, cooking and cleaning)",9-11,sog_w2_hrs_dmstc_911,Female,7
Singapore,2021,B.24,"On a typical day, how many hours per day do you spend on domestic tasks or family care activities? (for example, taking care of children, cooking and cleaning)",9-11,sog_w2_hrs_dmstc_911,Combined,4
Australia,2021,B.24,"On a typical day, how many hours per day do you spend on domestic tasks or family care activities? (for example, taking care of children, cooking and cleaning)",9-11,sog_w2_hrs_dmstc_911,Male,1
Australia,2021,B.24,"On a typical day, how many hours per day do you spend on domestic tasks or family care activities? (for example, taking care of children, cooking and cleaning)",9-11,sog_w2_hrs_dmstc_911,Female,2
Australia,2021,B.24,"On a typical day, how many hours per day do you spend on domestic tasks or family care activities? (for example, taking care of children, cooking and cleaning)",9-11,sog_w2_hrs_dmstc_911,Combined,1
New Zealand,2021,B.24,"On a typical day, how many hours per day do you spend on domestic tasks or family care activities? (for example, taking care of children, cooking and cleaning)",9-11,sog_w2_hrs_dmstc_911,Male,0
New Zealand,2021,B.24,"On a typical day, how many hours per day do you spend on domestic tasks or family care activities? (for example, taking care of children, cooking and cleaning)",9-11,sog_w2_hrs_dmstc_911,Female,2
New Zealand,2021,B.24,"On a typical day, how many hours per day do you spend on domestic tasks or family care activities? (for example, taking care of children, cooking and cleaning)",9-11,sog_w2_hrs_dmstc_911,Combined,1
Philippines,2021,B.24,"On a typical day, how many hours per day do you spend on domestic tasks or family care activities? (for example, taking care of children, cooking and cleaning)",9-11,sog_w2_hrs_dmstc_911,Male,3
Philippines,2021,B.24,"On a typical day, how many hours per day do you spend on domestic tasks or family care activities? (for example, taking care of children, cooking and cleaning)",9-11,sog_w2_hrs_dmstc_911,Female,6
Philippines,2021,B.24,"On a typical day, how many hours per day do you spend on domestic tasks or family care activities? (for example, taking care of children, cooking and cleaning)",9-11,sog_w2_hrs_dmstc_911,Combined,4
Taiwan,2021,B.24,"On a typical day, how many hours per day do you spend on domestic tasks or family care activities? (for example, taking care of children, cooking and cleaning)",9-11,sog_w2_hrs_dmstc_911,Male,1
Taiwan,2021,B.24,"On a typical day, how many hours per day do you spend on domestic tasks or family care activities? (for example, taking care of children, cooking and cleaning)",9-11,sog_w2_hrs_dmstc_911,Female,1
Taiwan,2021,B.24,"On a typical day, how many hours per day do you spend on domestic tasks or family care activities? (for example, taking care of children, cooking and cleaning)",9-11,sog_w2_hrs_dmstc_911,Combined,1
Japan,2021,B.24,"On a typical day, how many hours per day do you spend on domestic tasks or family care activities? (for example, taking care of children, cooking and cleaning)",9-11,sog_w2_hrs_dmstc_911,Male,1
Japan,2021,B.24,"On a typical day, how many hours per day do you spend on domestic tasks or family care activities? (for example, taking care of children, cooking and cleaning)",9-11,sog_w2_hrs_dmstc_911,Female,3
Japan,2021,B.24,"On a typical day, how many hours per day do you spend on domestic tasks or family care activities? (for example, taking care of children, cooking and cleaning)",9-11,sog_w2_hrs_dmstc_911,Combined,2
South Korea,2021,B.24,"On a typical day, how many hours per day do you spend on domestic tasks or family care activities? (for example, taking care of children, cooking and cleaning)",9-11,sog_w2_hrs_dmstc_911,Male,1
South Korea,2021,B.24,"On a typical day, how many hours per day do you spend on domestic tasks or family care activities? (for example, taking care of children, cooking and cleaning)",9-11,sog_w2_hrs_dmstc_911,Female,1
South Korea,2021,B.24,"On a typical day, how many hours per day do you spend on domestic tasks or family care activities? (for example, taking care of children, cooking and cleaning)",9-11,sog_w2_hrs_dmstc_911,Combined,1
Thailand,2021,B.24,"On a typical day, how many hours per day do you spend on domestic tasks or family care activities? (for example, taking care of children, cooking and cleaning)",9-11,sog_w2_hrs_dmstc_911,Male,2
Thailand,2021,B.24,"On a typical day, how many hours per day do you spend on domestic tasks or family care activities? (for example, taking care of children, cooking and cleaning)",9-11,sog_w2_hrs_dmstc_911,Female,2
Thailand,2021,B.24,"On a typical day, how many hours per day do you spend on domestic tasks or family care activities? (for example, taking care of children, cooking and cleaning)",9-11,sog_w2_hrs_dmstc_911,Combined,2
Vietnam,2021,B.24,"On a typical day, how many hours per day do you spend on domestic tasks or family care activities? (for example, taking care of children, cooking and cleaning)",9-11,sog_w2_hrs_dmstc_911,Male,2
Vietnam,2021,B.24,"On a typical day, how many hours per day do you spend on domestic tasks or family care activities? (for example, taking care of children, cooking and cleaning)",9-11,sog_w2_hrs_dmstc_911,Female,2
Vietnam,2021,B.24,"On a typical day, how many hours per day do you spend on domestic tasks or family care activities? (for example, taking care of children, cooking and cleaning)",9-11,sog_w2_hrs_dmstc_911,Combined,2
Myanmar,2021,B.24,"On a typical day, how many hours per day do you spend on domestic tasks or family care activities? (for example, taking care of children, cooking and cleaning)",9-11,sog_w2_hrs_dmstc_911,Male,0
Myanmar,2021,B.24,"On a typical day, how many hours per day do you spend on domestic tasks or family care activities? (for example, taking care of children, cooking and cleaning)",9-11,sog_w2_hrs_dmstc_911,Female,0
Myanmar,2021,B.24,"On a typical day, how many hours per day do you spend on domestic tasks or family care activities? (for example, taking care of children, cooking and cleaning)",9-11,sog_w2_hrs_dmstc_911,Combined,0
Indonesia,2021,B.24,"On a typical day, how many hours per day do you spend on domestic tasks or family care activities? (for example, taking care of children, cooking and cleaning)",0,sog_w2_hrs_dmstc_none,Male,22
Indonesia,2021,B.24,"On a typical day, how many hours per day do you spend on domestic tasks or family care activities? (for example, taking care of children, cooking and cleaning)",0,sog_w2_hrs_dmstc_none,Female,10
Indonesia,2021,B.24,"On a typical day, how many hours per day do you spend on domestic tasks or family care activities? (for example, taking care of children, cooking and cleaning)",0,sog_w2_hrs_dmstc_none,Combined,16
India,2021,B.24,"On a typical day, how many hours per day do you spend on domestic tasks or family care activities? (for example, taking care of children, cooking and cleaning)",0,sog_w2_hrs_dmstc_none,Male,11
India,2021,B.24,"On a typical day, how many hours per day do you spend on domestic tasks or family care activities? (for example, taking care of children, cooking and cleaning)",0,sog_w2_hrs_dmstc_none,Female,11
India,2021,B.24,"On a typical day, how many hours per day do you spend on domestic tasks or family care activities? (for example, taking care of children, cooking and cleaning)",0,sog_w2_hrs_dmstc_none,Combined,11
Malaysia,2021,B.24,"On a typical day, how many hours per day do you spend on domestic tasks or family care activities? (for example, taking care of children, cooking and cleaning)",0,sog_w2_hrs_dmstc_none,Male,10
Malaysia,2021,B.24,"On a typical day, how many hours per day do you spend on domestic tasks or family care activities? (for example, taking care of children, cooking and cleaning)",0,sog_w2_hrs_dmstc_none,Female,6
Malaysia,2021,B.24,"On a typical day, how many hours per day do you spend on domestic tasks or family care activities? (for example, taking care of children, cooking and cleaning)",0,sog_w2_hrs_dmstc_none,Combined,8
Singapore,2021,B.24,"On a typical day, how many hours per day do you spend on domestic tasks or family care activities? (for example, taking care of children, cooking and cleaning)",0,sog_w2_hrs_dmstc_none,Male,12
Singapore,2021,B.24,"On a typical day, how many hours per day do you spend on domestic tasks or family care activities? (for example, taking care of children, cooking and cleaning)",0,sog_w2_hrs_dmstc_none,Female,9
Singapore,2021,B.24,"On a typical day, how many hours per day do you spend on domestic tasks or family care activities? (for example, taking care of children, cooking and cleaning)",0,sog_w2_hrs_dmstc_none,Combined,11
Australia,2021,B.24,"On a typical day, how many hours per day do you spend on domestic tasks or family care activities? (for example, taking care of children, cooking and cleaning)",0,sog_w2_hrs_dmstc_none,Male,3
Australia,2021,B.24,"On a typical day, how many hours per day do you spend on domestic tasks or family care activities? (for example, taking care of children, cooking and cleaning)",0,sog_w2_hrs_dmstc_none,Female,3
Australia,2021,B.24,"On a typical day, how many hours per day do you spend on domestic tasks or family care activities? (for example, taking care of children, cooking and cleaning)",0,sog_w2_hrs_dmstc_none,Combined,3
New Zealand,2021,B.24,"On a typical day, how many hours per day do you spend on domestic tasks or family care activities? (for example, taking care of children, cooking and cleaning)",0,sog_w2_hrs_dmstc_none,Male,3
New Zealand,2021,B.24,"On a typical day, how many hours per day do you spend on domestic tasks or family care activities? (for example, taking care of children, cooking and cleaning)",0,sog_w2_hrs_dmstc_none,Female,2
New Zealand,2021,B.24,"On a typical day, how many hours per day do you spend on domestic tasks or family care activities? (for example, taking care of children, cooking and cleaning)",0,sog_w2_hrs_dmstc_none,Combined,2
Philippines,2021,B.24,"On a typical day, how many hours per day do you spend on domestic tasks or family care activities? (for example, taking care of children, cooking and cleaning)",0,sog_w2_hrs_dmstc_none,Male,15
Philippines,2021,B.24,"On a typical day, how many hours per day do you spend on domestic tasks or family care activities? (for example, taking care of children, cooking and cleaning)",0,sog_w2_hrs_dmstc_none,Female,8
Philippines,2021,B.24,"On a typical day, how many hours per day do you spend on domestic tasks or family care activities? (for example, taking care of children, cooking and cleaning)",0,sog_w2_hrs_dmstc_none,Combined,11
Taiwan,2021,B.24,"On a typical day, how many hours per day do you spend on domestic tasks or family care activities? (for example, taking care of children, cooking and cleaning)",0,sog_w2_hrs_dmstc_none,Male,8
Taiwan,2021,B.24,"On a typical day, how many hours per day do you spend on domestic tasks or family care activities? (for example, taking care of children, cooking and cleaning)",0,sog_w2_hrs_dmstc_none,Female,6
Taiwan,2021,B.24,"On a typical day, how many hours per day do you spend on domestic tasks or family care activities? (for example, taking care of children, cooking and cleaning)",0,sog_w2_hrs_dmstc_none,Combined,7
Japan,2021,B.24,"On a typical day, how many hours per day do you spend on domestic tasks or family care activities? (for example, taking care of children, cooking and cleaning)",0,sog_w2_hrs_dmstc_none,Male,5
Japan,2021,B.24,"On a typical day, how many hours per day do you spend on domestic tasks or family care activities? (for example, taking care of children, cooking and cleaning)",0,sog_w2_hrs_dmstc_none,Female,2
Japan,2021,B.24,"On a typical day, how many hours per day do you spend on domestic tasks or family care activities? (for example, taking care of children, cooking and cleaning)",0,sog_w2_hrs_dmstc_none,Combined,4
South Korea,2021,B.24,"On a typical day, how many hours per day do you spend on domestic tasks or family care activities? (for example, taking care of children, cooking and cleaning)",0,sog_w2_hrs_dmstc_none,Male,15
South Korea,2021,B.24,"On a typical day, how many hours per day do you spend on domestic tasks or family care activities? (for example, taking care of children, cooking and cleaning)",0,sog_w2_hrs_dmstc_none,Female,14
South Korea,2021,B.24,"On a typical day, how many hours per day do you spend on domestic tasks or family care activities? (for example, taking care of children, cooking and cleaning)",0,sog_w2_hrs_dmstc_none,Combined,15
Thailand,2021,B.24,"On a typical day, how many hours per day do you spend on domestic tasks or family care activities? (for example, taking care of children, cooking and cleaning)",0,sog_w2_hrs_dmstc_none,Male,7
Thailand,2021,B.24,"On a typical day, how many hours per day do you spend on domestic tasks or family care activities? (for example, taking care of children, cooking and cleaning)",0,sog_w2_hrs_dmstc_none,Female,5
Thailand,2021,B.24,"On a typical day, how many hours per day do you spend on domestic tasks or family care activities? (for example, taking care of children, cooking and cleaning)",0,sog_w2_hrs_dmstc_none,Combined,6
Vietnam,2021,B.24,"On a typical day, how many hours per day do you spend on domestic tasks or family care activities? (for example, taking care of children, cooking and cleaning)",0,sog_w2_hrs_dmstc_none,Male,8
Vietnam,2021,B.24,"On a typical day, how many hours per day do you spend on domestic tasks or family care activities? (for example, taking care of children, cooking and cleaning)",0,sog_w2_hrs_dmstc_none,Female,2
Vietnam,2021,B.24,"On a typical day, how many hours per day do you spend on domestic tasks or family care activities? (for example, taking care of children, cooking and cleaning)",0,sog_w2_hrs_dmstc_none,Combined,5
Myanmar,2021,B.24,"On a typical day, how many hours per day do you spend on domestic tasks or family care activities? (for example, taking care of children, cooking and cleaning)",0,sog_w2_hrs_dmstc_none,Male,17
Myanmar,2021,B.24,"On a typical day, how many hours per day do you spend on domestic tasks or family care activities? (for example, taking care of children, cooking and cleaning)",0,sog_w2_hrs_dmstc_none,Female,15
Myanmar,2021,B.24,"On a typical day, how many hours per day do you spend on domestic tasks or family care activities? (for example, taking care of children, cooking and cleaning)",0,sog_w2_hrs_dmstc_none,Combined,16
Indonesia,2021,B.24,"On a typical day, how many hours per day do you spend on domestic tasks or family care activities? (for example, taking care of children, cooking and cleaning)",>11,sog_w2_hrs_dmstc_over11,Male,3
Indonesia,2021,B.24,"On a typical day, how many hours per day do you spend on domestic tasks or family care activities? (for example, taking care of children, cooking and cleaning)",>11,sog_w2_hrs_dmstc_over11,Female,16
Indonesia,2021,B.24,"On a typical day, how many hours per day do you spend on domestic tasks or family care activities? (for example, taking care of children, cooking and cleaning)",>11,sog_w2_hrs_dmstc_over11,Combined,10
India,2021,B.24,"On a typical day, how many hours per day do you spend on domestic tasks or family care activities? (for example, taking care of children, cooking and cleaning)",>11,sog_w2_hrs_dmstc_over11,Male,6
India,2021,B.24,"On a typical day, how many hours per day do you spend on domestic tasks or family care activities? (for example, taking care of children, cooking and cleaning)",>11,sog_w2_hrs_dmstc_over11,Female,16
India,2021,B.24,"On a typical day, how many hours per day do you spend on domestic tasks or family care activities? (for example, taking care of children, cooking and cleaning)",>11,sog_w2_hrs_dmstc_over11,Combined,9
Malaysia,2021,B.24,"On a typical day, how many hours per day do you spend on domestic tasks or family care activities? (for example, taking care of children, cooking and cleaning)",>11,sog_w2_hrs_dmstc_over11,Male,7
Malaysia,2021,B.24,"On a typical day, how many hours per day do you spend on domestic tasks or family care activities? (for example, taking care of children, cooking and cleaning)",>11,sog_w2_hrs_dmstc_over11,Female,16
Malaysia,2021,B.24,"On a typical day, how many hours per day do you spend on domestic tasks or family care activities? (for example, taking care of children, cooking and cleaning)",>11,sog_w2_hrs_dmstc_over11,Combined,12
Singapore,2021,B.24,"On a typical day, how many hours per day do you spend on domestic tasks or family care activities? (for example, taking care of children, cooking and cleaning)",>11,sog_w2_hrs_dmstc_over11,Male,2
Singapore,2021,B.24,"On a typical day, how many hours per day do you spend on domestic tasks or family care activities? (for example, taking care of children, cooking and cleaning)",>11,sog_w2_hrs_dmstc_over11,Female,12
Singapore,2021,B.24,"On a typical day, how many hours per day do you spend on domestic tasks or family care activities? (for example, taking care of children, cooking and cleaning)",>11,sog_w2_hrs_dmstc_over11,Combined,6
Australia,2021,B.24,"On a typical day, how many hours per day do you spend on domestic tasks or family care activities? (for example, taking care of children, cooking and cleaning)",>11,sog_w2_hrs_dmstc_over11,Male,3
Australia,2021,B.24,"On a typical day, how many hours per day do you spend on domestic tasks or family care activities? (for example, taking care of children, cooking and cleaning)",>11,sog_w2_hrs_dmstc_over11,Female,8
Australia,2021,B.24,"On a typical day, how many hours per day do you spend on domestic tasks or family care activities? (for example, taking care of children, cooking and cleaning)",>11,sog_w2_hrs_dmstc_over11,Combined,6
New Zealand,2021,B.24,"On a typical day, how many hours per day do you spend on domestic tasks or family care activities? (for example, taking care of children, cooking and cleaning)",>11,sog_w2_hrs_dmstc_over11,Male,3
New Zealand,2021,B.24,"On a typical day, how many hours per day do you spend on domestic tasks or family care activities? (for example, taking care of children, cooking and cleaning)",>11,sog_w2_hrs_dmstc_over11,Female,14
New Zealand,2021,B.24,"On a typical day, how many hours per day do you spend on domestic tasks or family care activities? (for example, taking care of children, cooking and cleaning)",>11,sog_w2_hrs_dmstc_over11,Combined,8
Philippines,2021,B.24,"On a typical day, how many hours per day do you spend on domestic tasks or family care activities? (for example, taking care of children, cooking and cleaning)",>11,sog_w2_hrs_dmstc_over11,Male,9
Philippines,2021,B.24,"On a typical day, how many hours per day do you spend on domestic tasks or family care activities? (for example, taking care of children, cooking and cleaning)",>11,sog_w2_hrs_dmstc_over11,Female,13
Philippines,2021,B.24,"On a typical day, how many hours per day do you spend on domestic tasks or family care activities? (for example, taking care of children, cooking and cleaning)",>11,sog_w2_hrs_dmstc_over11,Combined,11
Taiwan,2021,B.24,"On a typical day, how many hours per day do you spend on domestic tasks or family care activities? (for example, taking care of children, cooking and cleaning)",>11,sog_w2_hrs_dmstc_over11,Male,3
Taiwan,2021,B.24,"On a typical day, how many hours per day do you spend on domestic tasks or family care activities? (for example, taking care of children, cooking and cleaning)",>11,sog_w2_hrs_dmstc_over11,Female,7
Taiwan,2021,B.24,"On a typical day, how many hours per day do you spend on domestic tasks or family care activities? (for example, taking care of children, cooking and cleaning)",>11,sog_w2_hrs_dmstc_over11,Combined,5
Japan,2021,B.24,"On a typical day, how many hours per day do you spend on domestic tasks or family care activities? (for example, taking care of children, cooking and cleaning)",>11,sog_w2_hrs_dmstc_over11,Male,1
Japan,2021,B.24,"On a typical day, how many hours per day do you spend on domestic tasks or family care activities? (for example, taking care of children, cooking and cleaning)",>11,sog_w2_hrs_dmstc_over11,Female,3
Japan,2021,B.24,"On a typical day, how many hours per day do you spend on domestic tasks or family care activities? (for example, taking care of children, cooking and cleaning)",>11,sog_w2_hrs_dmstc_over11,Combined,2
South Korea,2021,B.24,"On a typical day, how many hours per day do you spend on domestic tasks or family care activities? (for example, taking care of children, cooking and cleaning)",>11,sog_w2_hrs_dmstc_over11,Male,4
South Korea,2021,B.24,"On a typical day, how many hours per day do you spend on domestic tasks or family care activities? (for example, taking care of children, cooking and cleaning)",>11,sog_w2_hrs_dmstc_over11,Female,3
South Korea,2021,B.24,"On a typical day, how many hours per day do you spend on domestic tasks or family care activities? (for example, taking care of children, cooking and cleaning)",>11,sog_w2_hrs_dmstc_over11,Combined,3
Thailand,2021,B.24,"On a typical day, how many hours per day do you spend on domestic tasks or family care activities? (for example, taking care of children, cooking and cleaning)",>11,sog_w2_hrs_dmstc_over11,Male,3
Thailand,2021,B.24,"On a typical day, how many hours per day do you spend on domestic tasks or family care activities? (for example, taking care of children, cooking and cleaning)",>11,sog_w2_hrs_dmstc_over11,Female,8
Thailand,2021,B.24,"On a typical day, how many hours per day do you spend on domestic tasks or family care activities? (for example, taking care of children, cooking and cleaning)",>11,sog_w2_hrs_dmstc_over11,Combined,5
Vietnam,2021,B.24,"On a typical day, how many hours per day do you spend on domestic tasks or family care activities? (for example, taking care of children, cooking and cleaning)",>11,sog_w2_hrs_dmstc_over11,Male,4
Vietnam,2021,B.24,"On a typical day, how many hours per day do you spend on domestic tasks or family care activities? (for example, taking care of children, cooking and cleaning)",>11,sog_w2_hrs_dmstc_over11,Female,5
Vietnam,2021,B.24,"On a typical day, how many hours per day do you spend on domestic tasks or family care activities? (for example, taking care of children, cooking and cleaning)",>11,sog_w2_hrs_dmstc_over11,Combined,4
Myanmar,2021,B.24,"On a typical day, how many hours per day do you spend on domestic tasks or family care activities? (for example, taking care of children, cooking and cleaning)",>11,sog_w2_hrs_dmstc_over11,Male,7
Myanmar,2021,B.24,"On a typical day, how many hours per day do you spend on domestic tasks or family care activities? (for example, taking care of children, cooking and cleaning)",>11,sog_w2_hrs_dmstc_over11,Female,9
Myanmar,2021,B.24,"On a typical day, how many hours per day do you spend on domestic tasks or family care activities? (for example, taking care of children, cooking and cleaning)",>11,sog_w2_hrs_dmstc_over11,Combined,8
Indonesia,2021,B.24,"On a typical day, how many hours per day do you spend on domestic tasks or family care activities? (for example, taking care of children, cooking and cleaning)",<1,sog_w2_hrs_dmstc_under1,Male,12
Indonesia,2021,B.24,"On a typical day, how many hours per day do you spend on domestic tasks or family care activities? (for example, taking care of children, cooking and cleaning)",<1,sog_w2_hrs_dmstc_under1,Female,6
Indonesia,2021,B.24,"On a typical day, how many hours per day do you spend on domestic tasks or family care activities? (for example, taking care of children, cooking and cleaning)",<1,sog_w2_hrs_dmstc_under1,Combined,9
India,2021,B.24,"On a typical day, how many hours per day do you spend on domestic tasks or family care activities? (for example, taking care of children, cooking and cleaning)",<1,sog_w2_hrs_dmstc_under1,Male,16
India,2021,B.24,"On a typical day, how many hours per day do you spend on domestic tasks or family care activities? (for example, taking care of children, cooking and cleaning)",<1,sog_w2_hrs_dmstc_under1,Female,9
India,2021,B.24,"On a typical day, how many hours per day do you spend on domestic tasks or family care activities? (for example, taking care of children, cooking and cleaning)",<1,sog_w2_hrs_dmstc_under1,Combined,14
Malaysia,2021,B.24,"On a typical day, how many hours per day do you spend on domestic tasks or family care activities? (for example, taking care of children, cooking and cleaning)",<1,sog_w2_hrs_dmstc_under1,Male,16
Malaysia,2021,B.24,"On a typical day, how many hours per day do you spend on domestic tasks or family care activities? (for example, taking care of children, cooking and cleaning)",<1,sog_w2_hrs_dmstc_under1,Female,8
Malaysia,2021,B.24,"On a typical day, how many hours per day do you spend on domestic tasks or family care activities? (for example, taking care of children, cooking and cleaning)",<1,sog_w2_hrs_dmstc_under1,Combined,12
Singapore,2021,B.24,"On a typical day, how many hours per day do you spend on domestic tasks or family care activities? (for example, taking care of children, cooking and cleaning)",<1,sog_w2_hrs_dmstc_under1,Male,23
Singapore,2021,B.24,"On a typical day, how many hours per day do you spend on domestic tasks or family care activities? (for example, taking care of children, cooking and cleaning)",<1,sog_w2_hrs_dmstc_under1,Female,9
Singapore,2021,B.24,"On a typical day, how many hours per day do you spend on domestic tasks or family care activities? (for example, taking care of children, cooking and cleaning)",<1,sog_w2_hrs_dmstc_under1,Combined,17
Australia,2021,B.24,"On a typical day, how many hours per day do you spend on domestic tasks or family care activities? (for example, taking care of children, cooking and cleaning)",<1,sog_w2_hrs_dmstc_under1,Male,13
Australia,2021,B.24,"On a typical day, how many hours per day do you spend on domestic tasks or family care activities? (for example, taking care of children, cooking and cleaning)",<1,sog_w2_hrs_dmstc_under1,Female,8
Australia,2021,B.24,"On a typical day, how many hours per day do you spend on domestic tasks or family care activities? (for example, taking care of children, cooking and cleaning)",<1,sog_w2_hrs_dmstc_under1,Combined,10
New Zealand,2021,B.24,"On a typical day, how many hours per day do you spend on domestic tasks or family care activities? (for example, taking care of children, cooking and cleaning)",<1,sog_w2_hrs_dmstc_under1,Male,17
New Zealand,2021,B.24,"On a typical day, how many hours per day do you spend on domestic tasks or family care activities? (for example, taking care of children, cooking and cleaning)",<1,sog_w2_hrs_dmstc_under1,Female,9
New Zealand,2021,B.24,"On a typical day, how many hours per day do you spend on domestic tasks or family care activities? (for example, taking care of children, cooking and cleaning)",<1,sog_w2_hrs_dmstc_under1,Combined,13
Philippines,2021,B.24,"On a typical day, how many hours per day do you spend on domestic tasks or family care activities? (for example, taking care of children, cooking and cleaning)",<1,sog_w2_hrs_dmstc_under1,Male,6
Philippines,2021,B.24,"On a typical day, how many hours per day do you spend on domestic tasks or family care activities? (for example, taking care of children, cooking and cleaning)",<1,sog_w2_hrs_dmstc_under1,Female,11
Philippines,2021,B.24,"On a typical day, how many hours per day do you spend on domestic tasks or family care activities? (for example, taking care of children, cooking and cleaning)",<1,sog_w2_hrs_dmstc_under1,Combined,8
Taiwan,2021,B.24,"On a typical day, how many hours per day do you spend on domestic tasks or family care activities? (for example, taking care of children, cooking and cleaning)",<1,sog_w2_hrs_dmstc_under1,Male,29
Taiwan,2021,B.24,"On a typical day, how many hours per day do you spend on domestic tasks or family care activities? (for example, taking care of children, cooking and cleaning)",<1,sog_w2_hrs_dmstc_under1,Female,26
Taiwan,2021,B.24,"On a typical day, how many hours per day do you spend on domestic tasks or family care activities? (for example, taking care of children, cooking and cleaning)",<1,sog_w2_hrs_dmstc_under1,Combined,28
Japan,2021,B.24,"On a typical day, how many hours per day do you spend on domestic tasks or family care activities? (for example, taking care of children, cooking and cleaning)",<1,sog_w2_hrs_dmstc_under1,Male,33
Japan,2021,B.24,"On a typical day, how many hours per day do you spend on domestic tasks or family care activities? (for example, taking care of children, cooking and cleaning)",<1,sog_w2_hrs_dmstc_under1,Female,14
Japan,2021,B.24,"On a typical day, how many hours per day do you spend on domestic tasks or family care activities? (for example, taking care of children, cooking and cleaning)",<1,sog_w2_hrs_dmstc_under1,Combined,24
South Korea,2021,B.24,"On a typical day, how many hours per day do you spend on domestic tasks or family care activities? (for example, taking care of children, cooking and cleaning)",<1,sog_w2_hrs_dmstc_under1,Male,33
South Korea,2021,B.24,"On a typical day, how many hours per day do you spend on domestic tasks or family care activities? (for example, taking care of children, cooking and cleaning)",<1,sog_w2_hrs_dmstc_under1,Female,29
South Korea,2021,B.24,"On a typical day, how many hours per day do you spend on domestic tasks or family care activities? (for example, taking care of children, cooking and cleaning)",<1,sog_w2_hrs_dmstc_under1,Combined,31
Thailand,2021,B.24,"On a typical day, how many hours per day do you spend on domestic tasks or family care activities? (for example, taking care of children, cooking and cleaning)",<1,sog_w2_hrs_dmstc_under1,Male,14
Thailand,2021,B.24,"On a typical day, how many hours per day do you spend on domestic tasks or family care activities? (for example, taking care of children, cooking and cleaning)",<1,sog_w2_hrs_dmstc_under1,Female,9
Thailand,2021,B.24,"On a typical day, how many hours per day do you spend on domestic tasks or family care activities? (for example, taking care of children, cooking and cleaning)",<1,sog_w2_hrs_dmstc_under1,Combined,12
Vietnam,2021,B.24,"On a typical day, how many hours per day do you spend on domestic tasks or family care activities? (for example, taking care of children, cooking and cleaning)",<1,sog_w2_hrs_dmstc_under1,Male,11
Vietnam,2021,B.24,"On a typical day, how many hours per day do you spend on domestic tasks or family care activities? (for example, taking care of children, cooking and cleaning)",<1,sog_w2_hrs_dmstc_under1,Female,15
Vietnam,2021,B.24,"On a typical day, how many hours per day do you spend on domestic tasks or family care activities? (for example, taking care of children, cooking and cleaning)",<1,sog_w2_hrs_dmstc_under1,Combined,13
Myanmar,2021,B.24,"On a typical day, how many hours per day do you spend on domestic tasks or family care activities? (for example, taking care of children, cooking and cleaning)",<1,sog_w2_hrs_dmstc_under1,Male,17
Myanmar,2021,B.24,"On a typical day, how many hours per day do you spend on domestic tasks or family care activities? (for example, taking care of children, cooking and cleaning)",<1,sog_w2_hrs_dmstc_under1,Female,24
Myanmar,2021,B.24,"On a typical day, how many hours per day do you spend on domestic tasks or family care activities? (for example, taking care of children, cooking and cleaning)",<1,sog_w2_hrs_dmstc_under1,Combined,20
